Content,Video title,Video publish time,Views,Watch time (hours),Subscribers,Impressions,Impressions click-through rate (%)
Total,,,231612,13137.3175,334,1070471,6.45
Nc9bXYITXLE,ZRo - Thatz Who I Am (Slowed),"Oct 10, 2013",47644,2402.3596,89,359168,6.58
PSTpn0nAaQA,We Gone Swang (Slowed) - Guerilla Maab,"May 30, 2013",25984,1536.537,51,195285,5.33
CUXoekyuvjI,The Nina Interview [DRYCAST],"Apr 7, 2015",17172,430.4212,15,25462,23.27
XvEm2v-BZtw,Rob Dickinson - Black Metallic (Acoustic),"Apr 30, 2013",16660,880.2123,12,78893,7.09
_n7KZIlu5GU,Z-Ro - The Mo City Don (Slowed),"Oct 1, 2013",15873,789.8039,17,70350,10.61
C3o_49xlGdU,Turnin' Heads (Slowed) - ABN,"May 30, 2013",8372,439.2466,11,30960,8.4
SBY5jm6GbEQ,Rob Dickinson - I Want to Touch You (Acoustic),"Apr 30, 2013",6480,212.5168,2,27202,7.76
0pJE7uOD1Cs,bad bitches fighting at walmart,"Apr 24, 2013",4856,47.5826,0,134,6.72
_6gZjzC_4Ko,Slim Thug - Wood Grain Wheel (Instrumental Vinyl Rip),"May 22, 2013",4449,93.405,8,29207,6.19
NWr6PyNChQQ,spying on hot girls,"Apr 17, 2013",4205,20.3279,0,31888,4.6
ht785tj6dXk,Gran Turismo 6 Gameplay Demo [HD],"Dec 3, 2011",3379,10.9281,1,291,2.41
1tZzNlEBD0k,Jenson Button Honking Compilation | 2020 24 Hours of Le Mans Virtual Test Race,"Jun 13, 2020",3009,54.1498,0,10507,7.21
MRixCwFuyFs,Boxframe Cadillac ('83 DeVille Mix) (Slowed) - Freddie Gibbs ft. Z-Ro,"May 30, 2013",2827,166.7785,4,10720,8.82
5gcOoWFe0I8,OFFICIAL MILLIONDOLLAREXTREME T-SHIRT UNBOXING - EXCLUSIVE REVEAL,"Dec 2, 2014",2613,102.2128,2,5105,5.84
Ht94dQ7JKqg,Jaguar XJR Alarm (X308),"Jul 20, 2016",1988,10.7291,1,2776,11.56
DRCjq8Nz3Ic,Nasenbluten - Chaos,"Jul 17, 2013",1786,54.7332,4,10529,6.45
2a54gOgBrcM,2012 Volkswagen Golf TDI Review,"Dec 16, 2011",1311,1.5749,0,138,4.35
D8uvNwuEYLw,Lamp Porn,"Oct 16, 2015",1185,8.5143,2,38557,0.98
Kh7LdMAoTuk,Controversial Spycam,"Mar 14, 2013",959,4.5683,0,205,0
6od6SnPNhVQ,Ryan Dell,"Mar 7, 2014",786,18.39,1,1542,4.09
A3ZEgLIOKHg,Betrayal at House on the Hill - TABLETOP IV,"Oct 6, 2015",750,162.7139,1,1332,5.63
Y14cY4a62T4,Atari Teenage Riot - Not Your Business E.P. (Vinyl Rip),"May 19, 2013",657,26.5116,0,3784,5.63
LCQXg6I24KI,How to Pronounce Vyvanse,"Jul 17, 2019",584,1.0929,0,1963,11.61
HA017U2ofF0,George Lopez Impersonation,"May 29, 2013",582,6.1007,0,94,3.19
JRZKTNd0Iiw,All I Do Is Trap - Moe Doe,"Dec 19, 2013",582,7.7311,1,1062,4.61
nNO_EYhawFQ,DJ Screw Radio,"Oct 15, 2018",565,57.072,6,4650,8.95
jt3XFgI5vCc,Chrysler 300C - HONK Episode 2,"Apr 21, 2014",466,17.0296,0,1513,5.35
rnchnwIDrm4,Playstation 4 OFFICIAL RELEASE Interview with Jack Tretton,"Apr 18, 2013",438,1.6101,0,409,6.6
GgOvPeLoIM8,Tracy Morgan Impression,"Jun 17, 2014",435,7.3455,0,588,6.8
rfXv5ajrJcs,Roobie Phawls - 2012 Demo Tape (Cassette Rip),"May 19, 2013",404,19.6836,2,1819,2.31
SXM7uwu-DY8,2015 Chevrolet Impala - HONK Episode 4,"Jan 26, 2015",396,24.1248,0,911,2.74
JUiBH1nxVIA,Children of the Corn 30 Trailer [HD],"Nov 19, 2012",392,2.9873,0,1076,1.67
EIrfYhiQ41I,Alan Ruck (CotC30 Cast Interview),"Dec 24, 2013",389,6.8683,0,2502,2.4
28vwcuazfRw,Nissan Juke NISMO - HONK Episode 5,"Mar 19, 2015",382,18.23,1,2252,2.62
LdBFMibyh3Y,Toot! for iOS Demo: All of Your Billion Dollar Social Apps are For SCRUBS,"Aug 1, 2019",382,8.8189,2,1829,8.15
3iPTYZoB8LE,hi X (Eve Online Faction Warfare),"Feb 10, 2014",375,48.6984,0,289,0.69
VG7R9viVtPs,"SCOPE: Dan on culture, philosophy, politics, human intelligence, or maybe just beer","Dec 15, 2020",369,1.3621,0,8786,0.25
oIAY1-aW8Es,Logitech G203 Unboxing & In-Depth Review,"Mar 10, 2018",366,3.7494,1,2974,5.38
CP0LN-t5G3U,The Soapbox [Trailer] | MAGFest 2017,"Jan 30, 2017",361,3.1553,1,1528,5.37
Nam1pOrN5QY,Don't Want to Know (If You Don't Want Me) [Screwed] - The Donnas,"May 30, 2013",361,4.9709,0,653,6.58
J-4yIa5L_l8,The 13th Amendment (OFFICIAL HD MUSIC VIDEO),"Nov 12, 2011",352,2.0183,0,35,0
UmxCEcmgnVE,Visit to B-R5RB - the place where the big thing happened (Eve Online),"Feb 17, 2014",346,24.9103,0,985,2.23
cJof5zEf-m8,Pet Semitary VII,"Feb 26, 2012",310,6.4819,1,140,3.57
140tNqmt7Ds,The Service Position,"Feb 28, 2024",307,1.0407,0,4092,5.01
VIkvSUoitfk,Adderall Feast [Full Mixtape] - DJ Its5InTheMorningAndIDontEvenGiveAShitAnymore,"Oct 17, 2013",298,37.1131,0,1263,3.17
40x4TF-6ggc,Chevrolet Cruze - HONK Episode 3,"Jun 10, 2014",296,11.632,2,1833,6
4uOcE_IIi30,Titanic VI: Jack Strikes Back [HD],"Apr 15, 2013",291,7.3357,0,1077,2.04
ZoTr78lUt04,[EVE Online] - TMA Presents: Gurista Slaughter,"May 3, 2016",291,14.7493,0,15,20
2nZWYXkSbxc,"(peak edgy, deaf) DRYWALL FUTURE PREVIEW","Oct 3, 2014",290,8.977,2,37,10.81
6sr3rTU2_Oc,BREAKING NEWS RONALD REAGAN HAS AFFAIR WITH JODIE FOSTER,"Dec 19, 2011",283,0.7666,0,62,1.61
QWe3WEQJN6k,what the fuck am i gonna do now,"Apr 16, 2013",283,1.8892,0,59,3.39
BEotXxifG3E,An April Fools Joke Video,"Apr 1, 2015",277,7.0976,1,623,3.21
nSWgS0l0kc8,Reddit,"Mar 24, 2013",271,0.2194,0,77,7.79
wm9PkykzkYw,MAWOTAFTIWYAFF #48 EPIC BLACK FRIDAY SAVINGS,"Nov 25, 2011",269,0.3056,0,5,0
eOmhKrvh73M,24 Hours of Le Mans [Extratone],"Jun 18, 2016",266,8.2117,0,20,10
7e2_Y7Dqcpg,Fondren & Main,"Jun 17, 2013",264,3.1826,1,1940,7.42
j4VXjsdfAIA,CHER BELIEVE OFFICIAL FANMADE MUSIC VIDEO,"Dec 2, 2011",263,3.053,0,5,0
fgW7omjdrXQ,DJ Thumper! / Valkmen Split (Cassette Rip),"May 22, 2013",262,18.9237,1,1473,5.02
-TYIJCWebKk,Gran Turismo 6 Opening [HD],"Dec 3, 2011",259,1.5682,0,5,0
yntuQGaY1k0,I'm What Dat Iz (Slowed) - Lil' O,"May 30, 2013",258,9.773,0,798,10.9
VvciLXfWqA8,birthday,"Sep 28, 2012",243,4.2334,0,423,5.2
vC2-RAhBqu0,Begging the Toyota Avalon for Self-Fulfillment,"Jun 17, 2016",240,8.9434,1,1293,4.33
Z3NjoXhDPA8,Pearl Harbor III,"Dec 9, 2013",238,9.3294,1,800,2.63
rRZay2YKXdw,Dave's Garage,"Mar 19, 2014",234,7.4609,0,1224,1.8
qqiDs2NnieU,I hate this car,"Apr 19, 2013",230,3.4023,1,76,2.63
ok4zehiQHuQ,Justice Boyes - Slyvester Song,"Nov 9, 2011",227,2.3364,0,236,2.12
kG1p5OLCvzo,Silent Hunter 5 Stream 1,"Mar 2, 2014",223,12.8198,0,328,4.88
14BgQ__LbfM,Children of the Corn 30 - Jan. 3rd OFFICIAL TEASER [HD],"Jan 4, 2014",219,2.5702,0,72,0
877ntQ1nzs8,2003 Pontiac Solstice Drive Test [HD],"Mar 14, 2013",219,2.7185,0,114,4.39
NRbdmOfO9OY,Fuck Forbes,"Jun 25, 2014",211,3.5805,0,121,9.09
4aqFi4qxjHk,El Dorado Typhoon,"Mar 12, 2014",204,7.2745,1,671,2.09
K_6EY_ZWqaM,Inmunis: An Introduction,"Apr 2, 2015",201,3.5326,0,28,0
zs9ScPleCTw,2013 Dodge Dart - HONK Episode 1,"Jan 21, 2014",201,10.9915,0,978,2.97
_pYigO9Qwog,Children of the Corn 30 - Jan. 15th OFFICIAL TEASER [HD],"Jan 15, 2014",199,3.2576,0,66,1.52
hetLT8Sm1PU,d,"Jan 3, 2014",199,0.1737,0,174,8.05
JdK59oxLTOQ,Hard in the gas (CHOPPED AND SCREWED BY DJ PERSON) - David Klazz,"Sep 26, 2013",176,3.392,0,184,3.26
tPRwGF6YdkQ,Yahoo™ Auction: Saline Solution,"Apr 24, 2013",176,6.4794,0,463,1.3
NWZeuyt_KEg,What happened to Raven-Symoné,"Mar 14, 2013",171,2.3342,0,74,0
WTLDOxvvHJ8,Dave's Top Ten Winter Driving Tips,"Feb 2, 2015",171,4.0433,1,285,4.56
DhdAksAO_lI,Robin Williams Impression,"Aug 26, 2014",169,2.751,0,84,4.76
VxdG7njHeME,GLAD - Easter Song [SLOWED n THROWED],"Apr 9, 2015",169,2.7654,0,419,6.68
vxHHSxZR1F4,choo choo,"Dec 24, 2011",168,0.7101,0,5,0
so2V5xON3AI,Django's Day Off,"Apr 4, 2014",167,5.6293,0,462,2.6
E-gFTJLXLQE,Exclusive Post-Race Interview with Michael Schumacher at the Australian Grand Prix,"Apr 25, 2013",166,0.8964,0,51,5.88
C4td17BTiio,Minecraft Flying Tutorial,"Dec 21, 2011",163,0.3779,0,198,3.03
ySGlBaaLDLc,Mitsubishi Evo X [HONK PREVIEW],"May 12, 2023",158,6.17,0,1706,2.64
123kDTm50Qo,青ヶ島 - ビ-プビ-プホンクホンク殺す,"Nov 2, 2011",155,0.7043,0,9,11.11
BQ-wdEajXMU,P̷ E̷ L̷ V̷ I̷ C̷   R̷ E̷ F̷ R̷ E̷ S̷ H̷,"Aug 12, 2022",154,0.5882,0,228,4.39
TY4auFa5MIw,Tactical Timmy's Seamen Tips,"Jan 19, 2014",152,4.8137,0,53,9.43
WSRTcIM7HlI,honest to god,"Oct 21, 2013",152,4.2746,0,1601,0.94
nwwXOYTdmgE,fallout new vegas gameplay [DREAMCAST II] part II,"Nov 29, 2011",147,0.9523,0,8,0
e2w-OdVRk4g,Fast Game Reviews,"Jun 22, 2013",145,2.8437,1,262,3.82
oUQc4l21nns,hi V (Eve Online),"Feb 7, 2014",144,8.9083,2,172,0.58
RGVqyaRc0ZQ,Human 3.0,"Oct 24, 2015",143,4.0509,0,617,4.38
orLeRhBxmhk,land called love,"Dec 13, 2011",139,0.9623,0,35,0
kzExla8Frzk,"""Mom Spy"" Official Trailer [HD]","Mar 24, 2013",138,1.0766,0,89,2.25
2NsArMy_0OU,you women who are so complacent rise up and listen to me,"Oct 24, 2011",133,1.7754,0,90,4.44
gDXDEeceC-Y,Adderall Feast II - DJ IDontRememberWhatICalledMyselfInTheBeginning (feat. David Klazz),"Oct 20, 2013",132,4.3407,1,573,2.97
vR7fDpkMHF0,truck,"Dec 21, 2011",130,0.7931,0,153,3.92
mqrK0sY2O7c,Tutorial: How to Extinguish a Candle,"Oct 21, 2016",129,3.3445,1,1076,4.18
nP7cgBet1Oo,wacko1,"Mar 12, 2014",129,0.1326,1,181,3.31
k7KDk-VV6wc,Mastonaut for MacOS Demonstration,"May 30, 2019",127,3.2222,0,467,4.5
Lb1M57o_31c,SWAG LIKE IOWA COMO HUSTLAS 4 EVER [OFFICIAL MUSIC VIDEO],"Feb 5, 2012",124,1.344,0,98,8.16
KHKteIKMMdA,Hamtaro Sleep Paralysis - Drywall,"Jun 13, 2013",123,4.6049,0,1445,2.56
eeMuSKJS-z8,Justice Boyes - California Song,"Nov 15, 2011",123,1.7078,0,278,2.16
LZmOgsKSRMI,K I L L,"Jan 27, 2014",122,4.9709,0,10,10
YpszI2yDWO8,David Blue (CotC30 Cast Interview),"Feb 5, 2014",122,5.5288,0,53,1.89
i1ZDkuyj94k,[EVE ONLINE] - Kestrel Genocide,"Apr 27, 2016",122,6.3671,0,30,3.33
fFOQqAxxvko,Raindrops of Love - Body & Soul Pure Relaxation,"May 13, 2013",121,0.9446,0,330,4.85
oSJqcxudQkY,To Kill a Guristas Titan,"May 22, 2016",119,3.5351,0,23,8.7
qe0DEHGY1wA,Michael Brown Unboxing,"Dec 7, 2014",119,3.3165,1,0,
6ognA1t_eLY,Cleaning up the streets,"Nov 26, 2011",118,0.3903,0,374,5.08
CIvtHcxuaow,Bernie Green (CotC30 Cast Interview),"Dec 30, 2013",118,3.9507,1,366,2.46
nw_9xs3bfHQ,Drycast Episode 53 [RECORDED LIVE],"Dec 12, 2015",118,10.1817,0,374,1.6
PVJJ8pcHegg,Cartwright Circuit Tour and Flying Lap,"Sep 24, 2019",117,1.8097,-1,464,5.6
8_13cx1ZmoA,Filthy Actualization in the Toyota Prius c Two,"Jun 2, 2019",116,4.9675,0,1297,5.63
p3KoQ6n0xKo,Live Upright Piano (Improv),"Feb 9, 2017",116,12.7195,1,393,4.58
qg0ZPmSux_4,W̘͖̯E̟̹À̫T̯̫͓̪̮͓̼H̝E̪͇̰̘̖͍ͅŔ͍̖̱̟̪,"Jan 24, 2014",115,2.1922,0,170,4.12
_sGFl2iYIKU,UBERTEEN PLATIDUDE,"Aug 8, 2013",114,3.4151,1,333,3.3
1ifxXYYlAEU,Justice Boyes - High Five,"Nov 7, 2011",112,0.7113,0,131,3.05
bTWO6bG1fI0,Extratone Discord Sixth Anniversary Ceremony,"Oct 22, 2021",112,6.648,0,1082,3.05
gURMsP_Gztg,Trunk Full Cover,"Nov 19, 2011",112,0.8733,0,7,0
Y85PaO3N-ig,Drycast Episode 39 [RECORDED LIVE],"Sep 4, 2015",111,8.7681,0,548,4.38
jaHCISNN3ls,happy birthday tim & steve jobs,"Oct 22, 2011",111,0.1976,0,36,0
BkaGofnB13U,why can't we just go in through the hamper?,"Oct 23, 2011",106,1.2409,1,34,0
nWQK_u-DYOY,A TREAT FOR THE GIRLS,"Apr 9, 2013",105,1.24,0,32,0
SDcOgVjS3yo,PORNOGRAPHY,"Jun 2, 2013",103,0.2833,0,86,1.16
A2JnHuTO4d4,Phantasy Star Online Christmas Event / Hangout with Alan Ruck,"Dec 25, 2013",102,2.9285,0,101,1.98
xj-qXBl44kE,L.A. Noire Gameplay  [XBOX 360] [HD],"Jan 18, 2012",102,0.2161,1,208,4.81
TvxZ1S4t90Q,"Superbowl IXXIE 2002 Ad - ""Roundup-Ready Spaghetti""","Feb 10, 2013",100,4.4817,0,264,1.52
gZApd5KAQvQ,The Pills Have Eyes IX,"Nov 30, 2011",98,1.8165,0,192,2.6
oZRcuqSqM2s,Ruski Sunshine (CotC30 Cast Interview),"Jan 8, 2014",97,3.2763,0,110,2.73
n5Wyx6xh9Ts,9,"Mar 14, 2013",96,0.6314,0,74,0
pPKSm3Uds7M,HUGE ANNOUNCEMENT!!! - CELEBRITY COLLAB!!!,"Jan 31, 2014",94,1.5828,0,12,0
IdbblpDjnMM,epic,"Sep 25, 2013",93,0.2314,0,248,1.61
FV24SIXFKyw,hurricane katrina,"Oct 27, 2012",90,1.317,1,167,1.8
PA2RZe1VYvo,thank you,"Jan 28, 2012",89,0.26,0,217,5.99
N4rSSsRxkTs,Mafia 2 Review [XBOX 360] [HD],"Jan 18, 2012",88,0.4339,0,217,6.91
fOjhmbW7Ccc,Saints Row: The Third Review [XBOX 360],"Nov 16, 2011",88,0.3578,0,105,1.9
wHb0x6qnXdk,Happy Birthday!,"Apr 18, 2013",86,0.1681,0,134,9.7
HtwQAiJQBBs,Children of the Corn 30 - April 4th OFFICIAL TRAILER [HD],"Apr 4, 2014",84,0.0966,0,655,0.92
UQRSIuajXmY,Drywall - introducing the great music machine,"May 9, 2013",83,0.7905,0,290,2.07
Zi5FBPF35_E,"warning: Season 5, Ep. 13","Feb 20, 2013",83,3.151,0,74,0
bHztb7BAKyM,Valentine's Day Reproductive Bundle,"Feb 12, 2013",83,3.0547,0,99,0
pJMz6SJja4Q,Behind The Scenes With The Cast of Warning:,"May 9, 2016",83,0.8639,0,480,1.25
O3pjUcPMzU0,HI,"Jan 1, 2012",81,0.1362,0,70,4.29
5cbVTDbLK_Y,Subscriptions via Patreon,"Feb 5, 2017",80,3.1462,0,670,1.49
L3jyN5L5DJU,i get around,"Jan 4, 2012",79,0.585,0,204,6.86
M3OYOHLLSjk,Drycast Episode 54 [RECORDING LIVE],"Dec 19, 2015",79,10.691,0,375,2.13
atwKRLIzCvw,midwest anti-sinewave alliance COME JOIN US PROMLG XXMLG,"Feb 22, 2012",79,0.2181,0,10,0
tfSBI1I7J1k,David Blue on Kale,"Jun 2, 2014",79,1.401,0,29,6.9
4rcu8O-HPm8,"""THE BIG GAME"" NULLSEC SUICIDE RUN (EVE ONLINE)","Jun 26, 2024",78,4.7591,0,330,1.52
Ic6SoJFW7Zc,"1983 Mazda Rx-7 (First Generation, Series 2) Single-Take Loop","Jul 3, 2019",77,1.408,0,1206,3.81
--QKrdQTTTU,heyladies13,"Mar 6, 2013",76,1.4948,0,9,0
hfYvpRbaXKg,Drycast Episode 34 [RECORDED LIVE],"Jul 25, 2015",76,6.2581,0,332,2.41
tKaKIibgkIs,Another Dave Piano Stream,"Sep 16, 2015",76,8.2591,0,59,1.69
Dqhk7y7UA3Q,State of the Human - Dr. Robert Delaney,"Apr 12, 2013",75,2.7636,1,52,1.92
86WVmZUrZ-8,The New - Episode 1 - Facebook's Decline,"Jul 4, 2016",74,2.9414,0,22,4.55
rb-TxR-4nfA,The Pills Have Eyes IX (W/ DIRECTOR COMMENTARY),"Feb 7, 2014",74,2.4362,0,266,1.88
tpObGgQo_tc,Rigged To Blow,"Feb 28, 2016",74,1.5858,0,86,3.49
xYb-phv6c8Y,Justice Boyes - Free and Alone,"Nov 15, 2011",74,0.7475,0,154,0.65
zbbuzqZu7EE,milkysick.rmvb,"May 22, 2012",74,0.9101,0,145,2.76
NLJzcPf-pwk,[LIVE] Year of Drycast Celebration / Episode 52,"Dec 5, 2015",73,11.4114,0,437,0.92
i8g1Jhti-Og,[EVE Online] - Rat & Chill,"Apr 26, 2016",73,5.081,0,0,
Ci6zFmmFGKw,watch me destroy my voice and make funny faces yay,"Oct 22, 2011",72,0.5285,0,8,0
gdZdQjp89Gs,airplane [BLU RAY],"Jan 3, 2012",72,0.2354,0,771,0.91
7cozuhDM7e0,Justice Boyes - Abbott,"Nov 10, 2011",70,1.097,0,127,3.15
RRi-ChBFzcA,Piano Stream,"Mar 24, 2014",70,7.4859,0,148,1.35
pnA6MLtpVjk,Eve Online1,"Feb 2, 2014",70,4.4985,0,13,0
67M-cdkT1H4,comfy,"Oct 15, 2012",69,0.9378,0,11,0
8NgN45y9qhw,Facebook,"Mar 27, 2014",69,1.7916,1,97,2.06
HxV4MuqhaaY,Drycast Episode 41 [RECORDED LIVE],"Sep 19, 2015",68,2.9203,0,58,1.72
SMKkzu89qZk,On The Horn,"Mar 5, 2016",68,0.3288,-1,324,3.7
n_kX4vp0mYk,"Suburban Warrior - Excerpt From ""Living With - 2004 Mazda MX-5""","Mar 26, 2013",68,2.6428,0,0,
bEwU_1uLOZY,Extratone: Registration & Messtranet Walkthrough,"May 29, 2016",67,2.385,0,16,0
SjqSsAYOKgQ,tour of nissan headquarters usa,"Dec 3, 2011",66,0.2314,0,4,0
ZLfaYv1XLlM,Fuck Load - Devongello Johnson and David Klazz [OFFICIAL MUSIC VIDEO],"Feb 4, 2012",66,0.5885,0,88,0
oDpmApwU9II,Gravity II,"Oct 22, 2014",66,1.1727,2,227,1.76
x0fAN78Vp3I,Brian still alive!,"Dec 19, 2013",66,1.1118,0,22,4.55
9AOQIpZzGEo,2013 Fiat 500 Drive Tesr - MotorTrend,"Mar 23, 2013",65,0.1647,0,24,0
FxzVD2zw3aM,Pet Semitary VII (W/ DIRECTOR COMMENTARY),"Dec 31, 2013",65,4.5117,0,224,1.34
Mn1yXoio3-U,Myke's Evo Mix [HONK PREVIEW],"Jan 12, 2015",65,1.2078,0,522,1.53
_qIF5E89tqg,"warning: Season 98, Episode 14","Apr 11, 2013",65,1.0273,0,10,0
xBBCWxZBhIo,Drywall - he said it was too cold outside with tears in his eyes (Live Acoustic),"May 10, 2013",65,2.1902,0,231,2.16
D_4DwpzqYNg,World of Warships Closed Beta [RECORDED LIVE],"Mar 20, 2015",64,6.6915,0,34,0
G37L7IfzYQ4,Extratone Office Tour 2020,"Jul 8, 2020",64,0.3376,0,809,4.2
EGHPA2sFWzE,Anime,"Jun 6, 2013",63,0.5977,0,69,0
RL2lvn5BDnQ,THANK YOU EVERYONE//I'VE MADE IT,"Oct 17, 2013",63,1.8955,0,104,7.69
7CllCwwEhOk,Nissan Murano CrossCabriolet: The Ego Divide [Unfinished Honk Preview],"Sep 24, 2023",62,2.9483,0,511,2.54
n0yGYhaSldk,Drycast Episode 8 [RECORDED LIVE],"Jan 28, 2015",62,23.1845,0,192,1.04
E3daROIuWhg,The Office,"Jun 19, 2014",61,0.4442,1,13,0
a0VzHT8uRfM,Yahoo™ Auction: Saline Solution (W/ DIRECTOR COMMENTARY),"Feb 8, 2014",61,2.9777,0,172,0
pl0Hrd8ZvZk,DRYFEST 2013 (PART 3),"Aug 28, 2013",61,0.9994,0,109,0.92
6MieRQ6IVBk,layin' down the law on genuine anarchy,"Jun 10, 2013",60,1.5237,0,18,0
OwH4J5WOuFQ,homedepot,"Apr 18, 2014",60,0.154,0,154,1.3
aRGYrvYRTWw,Drycast Episode 40 [RECORDED LIVE],"Sep 12, 2015",60,3.1548,0,65,1.54
-WBXLQpwju4,Drycast Episode 17 [RECORDING LIVE],"Mar 29, 2015",59,3.5302,0,237,1.27
ky-7CYSLXwM,New Project Promo Update,"Jul 12, 2013",59,1.3617,0,27,0
vS75nxuXBeY,A Dog,"Jun 4, 2015",59,0.4725,0,172,1.16
WE8toTzkLBI,LOL FUNNY PHONE PRANK,"Jun 2, 2013",58,0.423,0,17,0
ez-1H82hb5c,ruski birt,"Oct 24, 2012",58,0.6343,0,61,1.64
pUWxC-zZeco,Liquidate David Blue: For Hire,"Jan 12, 2016",58,1.4687,0,14,0
5DPkMf2nfmc,SCOPE: Artisanal Hot Pocket preparation,"Jan 15, 2016",57,1.4977,0,186,1.61
__D1nEaVkyg,Slow Grind - Devongello Johnson [OFFICIAL MUSIC VIDEO],"Feb 5, 2012",57,0.4586,0,60,0
oALK0On3j2U,studio eat inauguration,"Jan 24, 2014",57,1.5891,0,241,1.66
tXYOxEjmQnM,MAWOTAFTIWYAFF #4,"Nov 3, 2011",57,0.3865,0,17,0
AVr_tP4z7mk,Drycast Episode 47 [RECORDED LIVE],"Oct 31, 2015",56,7.8441,0,307,3.91
CezNvZ-TQlY,Adobe Photoshop CS5 Tutorial Part 9/46 Gradients,"Nov 29, 2011",56,0.0723,0,11,0
aPREQXoPHvc,"""I Fucked God"" Archive - 2/21/2016","Feb 23, 2016",56,1.8612,0,96,6.25
7A-Gzn0wu3Q,come tweet,"Dec 6, 2011",54,0.1922,0,38,0
7b9WaRPULzM,"Roobie Phawls LIVE July 17th, 2013","Jul 18, 2013",53,1.3627,0,146,2.05
bVqRXMBujBo,420,"Dec 30, 2013",53,0.18,0,104,5.77
ywCBfJi9hBo,Futureland - Episode 27,"May 3, 2017",53,3.6525,0,35,2.86
3R3gxR9sVpg,Let's Learn About Waveforms | The Pudding,"Aug 30, 2020",52,0.5114,0,702,2.99
JlSu6-AYqVA,Cute Police - Dryfest (Live),"Jul 1, 2013",52,1.1987,1,142,2.11
WsWqBVmbxa0,Extratone Q & A,"Jun 17, 2016",52,3.2128,1,17,0
8VGehgpgoWc,Anarchyvlog1,"Jul 4, 2013",51,0.2698,0,10,0
AZZeKpameaw,Drycast Episode 19 [RECORDING LIVE],"Apr 8, 2015",51,4.395,0,175,3.43
J99pS0lLaRw,minecraft,"Nov 2, 2011",51,0.0567,0,7,14.29
tRDNlfHUmvU,Drycast Episode 18 [RECORDED LIVE],"Apr 4, 2015",51,13.3782,0,246,0.81
-VNE-TD34I4,Drycast Episode 37 [RECORDED LIVE],"Aug 15, 2015",50,2.8325,0,222,0.45
BH5rVzs3u98,David Blue on Vine: A Tribute,"Jul 29, 2019",50,1.2724,0,546,4.95
CdSiyB5PGf4,Los Angeles Live Show (OFFICIAL),"Nov 2, 2011",50,0.0182,0,7,0
Diirx830Hmo,100K Subscribers! :),"May 1, 2013",50,0.4884,0,9,0
vzduYb9cDA8,A Patriot,"Jul 15, 2014",50,0.335,0,14,0
5WSVjFu8VVg,David Klazz - I Used to Love G.A.S.,"Dec 2, 2014",49,0.2985,0,17,11.76
AxQU0fZNNdc,The Last Hours of Animay,"Jun 1, 2013",49,0.5095,0,11,0
CwXKtoe608Q,"ͣ͆̄̓̇̿͛ͬ̃͏͎͍&̄́͌ͯ̓͏̵͇̠̥̪$̯̻̣͚͒̉́͑ - Drywall [""SUBURBAN ANARCHY"" OFFICIAL PREVIEW]","May 7, 2013",49,1.3739,0,37,0
DXuMCS2dWh4,Female Genital Magnet,"Mar 6, 2013",49,0.9219,0,19,5.26
L--9841wMVg,ANOTHER TIRED DAVE PIANO STREAM,,49,4.0334,0,19,0
OPIHi1IzbRQ,"Feebles in Night, Read LIVE","Mar 26, 2016",49,5.9353,2,0,
ggvTzqgENWQ,extreme home improvement,"Apr 17, 2013",49,0.3328,0,21,0
1BM6SehB9B8,Wabi's Bored Ableton Stream,"Feb 11, 2017",48,2.3363,0,22,0
7B6DgdoQv44,Drywall - why can't we just go in through the hamper,"May 9, 2013",48,0.6011,0,126,6.35
GbObv_MCgN8,Drycast Spring Extravaganza [RECORDED LIVE],"Mar 25, 2015",48,3.9382,0,189,2.12
I2_x0LPQrkU,billy graham,"Dec 14, 2011",48,0.0522,0,3,0
gOIqVfoRWxI,R.I.P. Dan Wheldon,"Nov 9, 2011",48,0.2422,0,7,14.29
kh7CHo0N9gM,call of duty spy tutorial [HD] [MIDWEST ANTI SINEWAVE ALLIANCE] [MLG],"Feb 24, 2012",48,0.4594,0,13,0
llxmmI5cESE,SCOPE: #Drycast PRE-SHOW WORKOUT,"Sep 26, 2015",48,0.9086,0,330,1.52
9GXYgLspHJ4,PSO Holiday Stream 2,"Dec 27, 2013",47,2.8271,0,14,0
gTLii8MG-XY,Publicity EP - Drywall,"Feb 12, 2014",47,1.4804,0,153,1.96
siQXQwFKRxI,Tired Piano Improv - TW: Scary Faces,"Nov 11, 2015",47,2.1909,0,45,2.22
u-hgfcrWoEE,hi28,"Mar 24, 2013",47,0.0271,0,34,0
vhII4Bcc6js,Nice,"Aug 20, 2015",47,1.798,0,192,1.04
Qhb3CZ1esjw,"warning: Season r, Episode 7 - Pilot","Mar 1, 2013",46,0.2743,0,18,5.56
T-ro1mX68io,Mastodon Onboarding Demonstration & iOS App Authentication Marathon (Full Event Replay),"Jul 5, 2021",46,1.173,0,885,2.26
g8T1O50nZzw,World of Tanks Stream 1,"Feb 28, 2014",46,2.0071,0,105,1.9
tgS2D_lPW_8,Drycast Episode 43 [RECORDED LIVE],"Oct 3, 2015",46,11.5588,0,241,1.24
2u3xf0cA8hw,Drycast Episode 38 [RECORDED LIVE],"Aug 22, 2015",45,2.0182,-1,217,1.84
5FVTguNpV8Y,Drycast - Episode 57,"Apr 13, 2017",45,2.1018,0,64,4.69
Hngmj-I_C4E,Misogynist Funk - Drywall,"Jun 27, 2013",45,0.4855,0,16,6.25
J0KbxLV_bCU,Surprise Cab Interviews - # 4 - Johnny,"Apr 17, 2013",45,0.677,0,15,0
R_t_L_2oSh8,I R GOOD PILOT,"Nov 29, 2011",45,0.3105,1,5,0
YpDlYiOjarE,i can't stop,"Apr 17, 2013",45,0.3257,0,7,0
twL41n469jU,Data Privilege - iPhone 8 Video Test,"Apr 18, 2023",45,0.6207,1,526,4.37
2nLtUmFLer0,Drycast Episode 23 [RECORDED LIVE],"May 13, 2015",44,3.7368,0,193,1.55
4-WLdLxfmTU,SCOPE: improv piano SNUCK INTO THE MUSIC SCHOOL VERY SECRET,"Aug 3, 2019",44,2.8906,0,1133,2.21
8L3TTpaqNKs,MAWOTAFTIWYAFF #88,"Dec 21, 2011",44,0.047,0,8,0
CceMuKXDQZg,Hard in the gas - David Klazz,"Sep 26, 2013",44,0.6457,0,27,3.7
aZUDIasPPJQ,good morning,"Dec 6, 2011",44,0.24,0,9,0
d5GLOg2F53c,Oozing About in the 1999 Toyota Avalon,"Jun 16, 2019",44,1.0345,0,901,3.77
5aHj5gr3X70,Something Changed,"Jan 5, 2015",43,0.8324,0,15,6.67
T4I2TlbKQYc,Angle of Attack,"Mar 4, 2016",43,0.9966,0,97,2.06
qqtwYhMSq3k,I can't breathe1,"Jan 1, 2014",43,0.2369,0,11,0
vxwWHk1doto,hug it out bro,"Apr 17, 2013",43,0.0385,0,26,3.85
D1NX2r5nC28,MAWOTAFTIWYAFF #28,"Nov 13, 2011",42,0.0458,0,6,0
EVZtrIDomHo,Drycast Episode 49 [RECORDED LIVE],"Nov 15, 2015",42,4.4683,1,44,2.27
VU0QFkHvtYU,hey ladies5,"Mar 6, 2013",42,0.3714,0,14,7.14
c0Z-MEQQm4A,Drycast Episode 50 [RECORDED LIVE],"Nov 21, 2015",42,6.0099,0,298,0.34
6sxvBEQUwN8,Break It Up - Devongello Johnson & David Klazz [OFFICIAL MUSIC VIDEO],"Feb 4, 2012",41,0.1466,0,46,2.17
Ht9elal8vm8,top gear,"Dec 30, 2011",41,0.1421,0,53,0
REchJ_BD5G0,Volkswagen Atlas SEL 4 Motion Minutia,"Apr 10, 2020",41,1.3006,0,647,2.63
Z7aosSarzgA,Elder Scrolls Oblivion Shiki vs Caster ultimate fag battle pt. LXXXIV,"Nov 29, 2011",41,0.1738,0,7,14.29
f9D5AYDu0qo,Extratone: Cyber Monday Edition,"Nov 28, 2016",41,0.7933,0,17,0
3y9nmShQVRQ,Deciphering petty human interactions,"Mar 6, 2013",40,0.4282,1,9,0
5qhSmP3EB0c,prenatal yoga [HD],"Dec 17, 2012",40,0.319,0,10,0
b401sgXwwsA,SCOPE: What time is it?,"Nov 21, 2015",40,1.1141,0,345,1.16
F6L3LF2Umf8,Dad1,"Oct 29, 2015",39,0.2148,0,12,8.33
N0eIeKPyDZo,Drycast Episode 48 [RECORDED LIVE],"Nov 7, 2015",39,2.9399,0,303,1.32
P4UfZP6sAlo,Drycast Episode 36 [RECORDED LIVE],"Aug 8, 2015",39,13.206,0,198,0.51
pp2-oOi8VQs,ma,"Jul 11, 2013",39,0.9018,0,12,0
wTf87RgZQfY,Live Upright Piano,"Jan 30, 2017",39,1.3057,0,83,6.02
7QvHxEhdXas,Drywall - Stacks on Dead Mom Gamers (The DONNA$ cover} [SUBURBAN ANARCHY******],"May 13, 2013",38,0.7736,0,67,1.49
CFfXLpB4Mxw,Drycast Episode 51 [RECORDING LIVE],"Nov 28, 2015",38,7.389,0,329,0.61
IfeJVoWdMxI,SCOPE: #Drycast CANCELED: NO MORE LIES!!!,"Nov 6, 2015",38,0.8758,0,168,1.19
LyPZZciWv1g,DAD,"Jun 16, 2013",38,0.1045,0,11,0
X2XngbjDG1g,Very Important Task!,"Dec 17, 2013",38,0.6373,0,12,8.33
ZoRJVby5beM,AT&T,"Dec 16, 2011",38,0.0298,0,55,0
cDlObZumyPc,demonetized,"Mar 13, 2023",38,0.0632,0,209,7.18
pWj3QjOGnQA,Pianoviolence,"Mar 29, 2012",38,0.0354,0,12,0
z843LbWLNAk,Off The Grid - Episode 12,,38,4.4121,0,0,
-Nfh2efj7UA,New Comedy Series Preview!!! :): :),"Jun 6, 2013",37,0.4435,0,9,11.11
BWyv9oL0ZmM,honk32,"Apr 28, 2013",37,0.1873,0,35,0
F7kXN7lNqVo,Fast 14™,"Apr 22, 2013",37,0.1269,0,88,0
FLIsNGV6_04,SCOPE: Ye Olde Hilux & fall,"Nov 7, 2015",37,0.8954,0,171,2.92
KJNR6pnid-Y,We Walmart,"Nov 2, 2011",37,0.1625,1,7,0
rbEgotrRtbs,friends,"Mar 6, 2013",37,0.5424,0,18,5.56
0TbFPiDA20M,Futureland - Episode 26,"Apr 5, 2017",36,2.5644,0,71,5.63
ISjX7QL3FD0,mall,"May 8, 2013",36,0.4029,0,8,0
NBXqbDedVmw,Drywall - ran my hands against the grain and felt the coarseness of what was,"May 9, 2013",36,0.4915,0,220,3.18
QK8VTqEp8AM,BLACK DYNAMITE TO THE RES Q!!!!,"Dec 3, 2011",36,0.1373,0,2,0
TIFWUjRAtOY,Dry Radio - Episode 42,"May 1, 2013",36,1.9529,0,9,0
cWl08NmEnhs,2012 Fiat 500 Review [HD],"Jun 22, 2013",36,0.0639,0,12,0
e2Og6Eb2cVc,MAWOTAFTIWYAFF #32,"Nov 16, 2011",36,1.4419,0,6,0
gDXwqRWCg3w,follow elk on twitter,"Nov 25, 2013",36,0.3603,0,165,2.42
oMSKg2LgZGE,2012 Hyundai Sonata Review,"Jul 3, 2019",36,0.1759,0,607,3.95
CLAUDiSSxtI,what a shame,"Apr 19, 2013",35,0.622,0,6,0
OLdWO9L9b5M,Drycast Episode 28 [RECORDING LIVE],"Jun 13, 2015",35,3.9291,1,177,0.56
emjV0qfcD40,"Full Video Review: ""What's New on Netflix and What's Leaving in September 2016 | Shithead Show Ep. 1","Sep 5, 2016",35,0.5094,0,136,2.21
m0wxIEo28s8,Cinco De Mayo Fun :),"May 7, 2013",35,0.2203,0,14,0
0kBGprJoyJ0,okay now I’m getting the hang of this.,"Oct 18, 2021",34,0.1255,0,282,2.84
4FT6xYfbPBY,Drycast Episode 35 [RECORDED LIVE],"Aug 1, 2015",34,5.6251,0,189,0.53
9Q_t2rZYIr8,INMUNIS: An Introduction + Signing In / Posting,,34,1.4169,0,5,0
A08z3zJCo-g,"""im back"" lol cute selfie","Apr 10, 2013",34,0.2438,0,10,0
B7mEzeR_C_s,Sensible Sophie - Drywall,"Jun 10, 2013",34,0.9537,0,124,4.03
lrEh-_NYPY8,joke,"Dec 30, 2011",34,0.0147,0,60,0
5eO25D9BtV8,SCOPE: Extratone Militia v. Alt-Right Phishers,"Oct 24, 2016",33,0.8868,0,251,1.59
6SgsjERzwFM,"Waffle House Excursion - Year 2, Day 325","Apr 17, 2013",33,0.5066,0,12,0
C4tisQDM1hY,p3tZmerya 478 speCIAL EDHIUtion.rmvb,"Feb 24, 2012",33,0.3022,1,11,0
JkTDJxf_S4M,2013 Honda Civic Si Review [HD],"Jun 21, 2013",33,0.0506,0,15,0
K0T3E42tXkU,Drycast Episode 26 [RECORDED LIVE],"May 27, 2015",33,9.7983,0,193,1.04
dF1xdix7Fj4,how to drive,"Feb 11, 2013",33,0.5216,0,18,0
huzzXP8L1sk,ladies9490,"Mar 24, 2013",33,0.2271,0,9,0
ijDWUrHaHVE,"Esporting Psycholiterates, Favored of Email | Futureland Episode 23","Mar 2, 2017",33,2.325,0,181,0.55
j77HHjC2GtY,guss,"May 11, 2012",33,0.0045,0,5,0
4hoYdUX8zvc,Futureland - Episode 21,"Feb 5, 2017",32,2.7724,0,56,1.79
LF8dq9Q8iJ8,MAWOTAFTIWYAFF #41 LETS PLAY FESTER'S QUEST,"Nov 22, 2011",32,0.1399,0,6,0
XqLwD_NNLdc,Indie Field Report1,"Dec 28, 2013",32,0.1887,0,30,3.33
j8UYHz1uDLY,She's a Keeper,"May 17, 2013",32,0.519,0,8,0
p3RUWSEv1Ss,State of the Extranet: End of 2016,"Dec 26, 2016",32,2.2007,0,22,0
sIoGtz4kLys,Drycast Episode 15 [RECORDED LIVE],"Mar 18, 2015",32,1.0998,0,180,0.56
BvhxrTbJdW0,Klondike Ad,"Apr 17, 2013",31,0.0813,0,16,0
KGW3dRCHUyY,wack holiday vlog,"Dec 25, 2013",31,0.9733,0,10,10
VZ7YLZMxQec,jedi,"Dec 29, 2011",31,0.0239,1,5,0
X0Rcq7kjLkA,Hardcore Café,"Apr 21, 2013",31,0.3555,0,16,12.5
gIuROnZEoRU,El Dorado Preview,"Sep 25, 2019",31,0.7081,0,404,3.47
rfw0vfPUcDI,:r�,"Dec 28, 2012",31,0.088,0,66,4.55
vhPSoiNtjeQ,Mail Enthusiast [HD] - From MONEY Pictures,"Apr 9, 2013",31,0.3965,0,14,0
43EnG7zar3A,anarchy,"Mar 20, 2013",30,0.39,0,11,0
DFiRMR8ySBI,Drycast Episode 22 [RECORDED LIVE],"May 6, 2015",30,1.2731,0,176,0
DcHVQsFcd7s,Flight of the Joke Numbers,"Mar 21, 2016",30,0.4505,0,434,0.69
PBqRsS7RJNY,What I think about hip hop,"Dec 6, 2011",30,0.0159,0,5,0
UQCPEEVSb6Q,2013 Dodge Dart Review [HD],"Jun 21, 2013",30,0.0442,0,10,0
_KsLOmAPniI,Honk Bonus Episode:,"Aug 10, 2022",30,0.252,0,265,7.55
atuIk8nab0U,SCOPE: The Chamillitary Variations,"Nov 7, 2015",30,0.4357,0,122,3.28
ej8yMHOSkSc,we all speak the same language,"Apr 19, 2013",30,0.9565,0,14,7.14
hOP_qWVigrw,Drycast Episode 10 [RECORDED LIVE],"Feb 13, 2015",30,5.4554,0,150,0.67
khgcyU_K7gQ,MAWOTAFTIWYAFF #22 I PLAY MY MUSIK FOR MOMMY,"Nov 12, 2011",30,0.1166,0,6,0
wfsezHCMqcA,geekweek 3,"Aug 11, 2013",30,0.5761,0,124,4.03
8vlUuJcuX-s,Inception Film Review [HD],"Dec 18, 2011",29,0.0269,0,15,0
CevijKAjtBs,Uncut Episode 4 [BUNGLED],"Oct 8, 2016",29,1.1167,0,0,
GGvycYYXZEc,Drywall - happybirthdaymaverick,"May 10, 2013",29,0.0825,0,102,3.92
JM-vSVvX8Kw,In Defense of @TOYOTAGAZOORacingJPchannel's Relentless Domination of #LeMans24,"Jun 12, 2022",29,0.4271,0,343,6.12
KoK-Uq6Z5fA,Commentary on 3 Laps of Nürburgring 24h Circuit | Nations Cup (I ACTUALLY WON SOMETHING!),"Feb 2, 2020",29,0.6606,0,285,3.86
Rp7cBssbkws,GOD'S GREAT GIFT,"Oct 31, 2013",29,0.4302,0,125,0
WaJPP0jMTa4,Drycast Revival,"Feb 11, 2017",29,0.8932,0,53,0
bjFvbW59lsE,Auphonic iPhone Test,"Nov 30, 2022",29,0.2523,0,551,4.54
eVy_wR_R7zs,Drycast Episode 45 [RECORDED LIVE],"Oct 17, 2015",29,0.7687,0,247,1.21
pKvkkILQMcw,Drycast Episode 46 [RECORDED LIVE],"Oct 24, 2015",29,2.2896,0,277,1.44
uj-UzS4ZZh4,MAWOTAFTIWYAFF #87,"Dec 20, 2011",29,0.1219,0,4,0
zOw5eN3jxsU,The Muncher - Live Lie Eating,"Jun 23, 2016",29,1.8027,0,14,0
NNrGaKhToak,you haters don't get it,"Apr 19, 2013",28,0.5441,0,6,0
UOIKMRKrzvg,cheesecut,,28,0.3806,0,14,0
_xT5ng3K_QM,HGTV,"Dec 6, 2011",28,0.0213,0,8,0
iuhgFxBUJ8Y,MAWOTAFTIWYAFF #3,"Nov 2, 2011",28,0.2112,0,17,5.88
lkCfdkOgIKc,merry drywall holidays,"Dec 16, 2011",28,0.0913,0,10,10
wy3a3AHNQhc,DRYWALL INC. UP FOR SALE!!!,"Apr 12, 2014",28,0.3226,0,14,0
-aqpLXKE2fY,sexyfemknight1,"Jun 19, 2013",27,0.1223,0,10,0
1sCxxZ35ZHY,Academic Essay Writing: Arguing for Federated Social Networks,"Nov 24, 2020",27,5.9079,0,676,1.78
2Et3Kg4gCvg,Futureland - Episode 20,"Jan 30, 2017",27,2.1281,0,51,1.96
41hq28LB9pE,yes,"Jan 28, 2012",27,0.028,0,61,0
4VMxdG_9KM0,Feeling stressed?  Overworked?,"Mar 6, 2013",27,0.3128,0,38,2.63
Vq5aTr9uosg,MAWOTAFTIWYAFF #2,"Nov 2, 2011",27,0.2115,1,15,6.67
qOxS5tAlCU0,Futureland - Episode 22,"Feb 25, 2017",27,3.6358,0,61,1.64
s_1YEnJKjdw,"SCOPE: ""You should be a comedian""","Dec 15, 2020",27,1.0758,0,156,4.49
t_R8yvCFakI,Futureland - Episode 25,"Mar 23, 2017",27,0.7117,0,70,4.29
vG3LvG9vSSs,Community Apology,"Dec 28, 2013",27,0.5417,0,16,0
HKXJivDh19s,World of Warships Closed Beta [RECORDING LIVE + UNDER THE INFLUENCE],"Mar 25, 2015",26,0.3102,0,33,12.12
V2e9wBxym3c,Drycast Episode 9 [RECORDED LIVE],"Feb 4, 2015",26,2.3248,0,141,0.71
Wv7uTqFCkHw,Sweat the Small Stuff,"Jun 3, 2014",26,0.5399,0,17,0
dNRS5WbjOIM,we're gonna be late 28,"Apr 22, 2013",26,0.1248,0,14,0
vZPpHlcSzbw,Extratone 2017 | State of the Net,"Feb 14, 2017",26,1.0163,0,27,0
wEY40awNGHw,SCOPE: Uncle Google,"Jun 23, 2022",26,0.4936,0,246,6.1
wb-AQKJ607g,GOTG Presents: Ending The Initiative's Astrahus,"May 16, 2016",26,0.3168,0,23,4.35
x4QXIHwj3a4,Feel pain?  Fix that with cash.,"Mar 6, 2013",26,0.2743,1,9,0
10af7r6cQgI,MAWOTAFTIWYAFF THE PREQUAL 0.1,"Nov 14, 2011",25,0.0226,0,6,0
8RQ5DmNKPLo,46 ü Official Trailer [HD],"Mar 24, 2013",25,0.2893,0,7,0
T1fsFfNUbdQ,geekweek1,"Aug 10, 2013",25,0.1592,0,82,0
aCdeP8E26Es,This smooth dude gets invited to a lot of cast parties,"Apr 22, 2013",25,0.1216,0,12,0
c5AXvJ7Ol7Y,MAWOTAFTIWYAFF #6,"Nov 5, 2011",25,0.4884,0,19,5.26
gXRtSFqzxjE,This is what happens when you drive a vw beetle,"Nov 25, 2014",25,0.4094,0,16,6.25
ojBi5XBvMkE,Post-Soviet WALL-E,"Jan 2, 2023",25,2.1174,0,1216,1.56
r2MPntfvqv0,Drycast Episode 29 [RECORDED LIVE],"Jun 20, 2015",25,3.5999,0,185,1.08
s7Q4dPets_M,lol7461,"May 1, 2013",25,0.041,0,8,0
ue21VMrjSLA,"shitty human being plays $60,000 concert grand","Nov 15, 2011",25,0.042,0,6,0
D3Ca0oGg4HU,MAWOTAFTIWYAFF #116,"Feb 10, 2012",24,0.0417,0,5,0
Ksl_ZRNIb08,MAWOTAFTIWYAFF THE PREQUAL 0.3,"Nov 14, 2011",24,0.0136,0,6,0
U5wKqZmUiFg,wats up dood,"Nov 29, 2011",24,0.0448,0,7,0
Z19F47ykjrM,Drycast Episode 25 [RECORDED LIVE],"May 24, 2015",24,0.4675,0,181,2.76
auMq5LyEcbU,Mac wakes up in Iowa,"Nov 11, 2011",24,0.0436,0,6,0
i9ojBaguX1Y,podcast,"May 1, 2013",24,0.9768,0,7,0
m_oLkIddENY,op,"Oct 16, 2012",24,0.2101,0,5,0
qPyc4n_sNf8,fun,"Dec 11, 2012",24,0.1042,0,10,0
-5eMO8PJJp4,MAWOTAFTIWYAFF #98,"Dec 24, 2011",23,0.0103,0,4,0
-vKoDeaBP2s,Drywall - U AREN'T MY COUSIN BOB GELDOFF,"May 9, 2013",23,0.2492,0,144,4.17
1UmPzAURTso,"Converse All-Stars, vintage 2004.","Nov 12, 2024",23,0.0223,0,648,2.31
1y19rBsJH0M,trend,"May 13, 2013",23,0.0442,0,8,0
3OQEU_kh1Zw,PLEDGE DRIVE: Save a Dog's Life,"Aug 12, 2017",23,0.2072,1,41,0
89nXozXX9Fw,MAWOTAFTIWYAFF #113,"Feb 8, 2012",23,0.0591,0,5,0
J9C4b_3zpZE,I tried,"Nov 26, 2011",23,0.0061,0,5,0
OIICPo6ul4E,MAWOTAFTIWYAFF #5,"Nov 3, 2011",23,0.4245,0,19,15.79
YYWI3UZU2_o,lets play,"Dec 16, 2013",23,0.2138,0,11,9.09
gw-uvCObmQg,Drycast Episode 21 [RECORDED LIVE],"Apr 25, 2015",23,1.9463,0,166,1.2
igHWBny-fgs,MAWOTAFTIWYAFF #12,"Nov 9, 2011",23,0.1492,0,10,0
jov4slvlPDk,tour of burnt,"Dec 21, 2011",23,0.0186,0,6,16.67
n5ue7ZuSBEw,Drycast Episode 8 [PRESHOW],"Jan 28, 2015",23,1.2927,0,25,0
q6Hgv5rliQA,MAWOTAFTIWYAFF #9,"Nov 9, 2011",23,0.0959,0,12,0
w-1QvdIFL8s,MAWOTAFTIWYAFF #93,"Dec 24, 2011",23,0.0717,0,4,0
w1-5f-iTNM4,Merchandising in the Automotive Industy,"Dec 16, 2011",23,0.025,0,19,5.26
3pBCIb4c_IY,Drycast Episode 31 [RECORDED LIVE],"Jul 4, 2015",22,1.1121,0,181,0.55
4Z5VWUEBCK4,MAWOTAFTIWYAFF #7,"Nov 7, 2011",22,0.2144,0,18,11.11
9weHEloOSTU,Drycast Episode 20 [RECORDED LIVE],"Apr 22, 2015",22,0.6504,0,169,1.18
HfzeksuXlmU,The 270 MPH Supra | Gran Turismo Sport,"Jan 12, 2020",22,0.2452,0,302,3.97
Hp9VJ4k3kl8,MAWOTAFTIWYAFF #8,"Nov 8, 2011",22,0.2563,0,14,0
IYyG8DHIyPg,Avalanche,"Feb 13, 2013",22,0.0141,0,5,0
iJm3Xn6LOzs,hero,"Dec 4, 2011",22,0.1845,0,6,0
jM6iR9uEutU,MAWOTAFTIWYAFF #14,"Nov 9, 2011",22,0.1476,0,7,0
mEDYEJm-M_o,Q & A,"May 1, 2013",22,0.1528,0,7,0
mM5vDTcVcuo,hey ladies,"Mar 6, 2013",22,0.4048,0,5,0
yJzEID9G-9k,David Blue plays GTAIV (BoGT) LIVE - Epic Funny Comedy Hour,"Jan 30, 2015",22,0.5446,0,19,0
2pz9jdD6vLM,EXCLUSIVE NEW VID PREVIEW,"Aug 7, 2013",21,0.0166,0,11,0
F6mSdqyaVO4,The Flaming End,"Apr 13, 2016",21,0.2319,0,0,
FlGn4RajJwg,mom2,"Jul 2, 2013",21,0.2877,0,9,0
N-FmqnE9BEk,confession #2,"Nov 11, 2011",21,0.0088,0,9,0
QVluwyc59ss,Hamura Jam #2,"Nov 2, 2011",21,0.2439,0,33,0
aRjGQebeQWA,Hamura Jam #1,"Nov 2, 2011",21,0.1634,0,32,0
d5vnuMuie18,New Comedy Series Trailer Trailer,"Jun 6, 2013",21,0.053,0,11,0
f4GD1hs-qYY,waw,"May 1, 2013",21,0.0916,0,9,0
gfmIjDd_OlI,MAWOTAFTIWYAFF #10,"Nov 9, 2011",21,0.1384,0,10,10
koqMLdqIx1E,MAWOTAFTIWYAFF #25,"Nov 13, 2011",21,0.215,0,6,0
lekmvScfSgE,2013 Chevrolet Cruze Review [HD],"Jun 21, 2013",21,0.029,0,12,0
s1sVOvLOPrY,srry bro i had 2 poop rlly bad,"Dec 3, 2011",21,0.0322,0,5,0
wXEAy3H2ksw,hero 2,"Dec 4, 2011",21,0.0188,0,5,0
yblkJ4XT56k,Drycast Episode 42 [RECORDED LIVE],"Sep 26, 2015",21,2.0126,0,240,1.25
84iFwgGBwrU,OH NO HE DIED D;,"Dec 3, 2011",20,0.0642,0,5,0
KMlCELI5rOg,yay [HD] [US Release],"Dec 30, 2011",20,0.0017,0,5,0
LtcYSfY456w,Friday Night Cranks episode 35,"Jun 2, 2013",20,0.1059,0,10,10
OuY6L1gIC8g,jimmy buffett buffet,"Mar 14, 2013",20,0.21,0,15,0
cuV6JREhC3w,happy dryywar,"Jan 1, 2012",20,0.0141,0,7,0
mBSf1u-L_ss,MAWOTAFTIWYAFF #11,"Nov 9, 2011",20,0.0646,0,9,11.11
uligcwGUCjg,i get around [REMASTERED],"May 25, 2023",20,0.1297,0,135,10.37
vgGT4AE-wNU,MAWOTAFTIWYAFF #1,"Nov 2, 2011",20,0.1031,0,16,6.25
L8JwQtSS-DY,CREDIT CREW 2 PREVIEW SNEAK PEAK,"Jun 16, 2013",19,0.0092,0,13,0
NghIizyFxNc,Drycast Episode 12 [RECORDED LIVE],"Feb 25, 2015",19,0.2227,0,146,0.68
YyUd65BdUtY,SCOPE: Taking Voice Over requests,"Jan 31, 2016",19,1.6553,0,125,0.8
ZHa2-3MGNgQ,MAWOTAFTIWYAFF #42 OH NO MY WHALE,"Nov 22, 2011",19,0.0155,0,6,0
dGN494CrM3Q,star wars seakwel,"Mar 31, 2013",19,0.0437,0,10,0
fSvnhXlwO2w,firetruck,"Dec 16, 2011",19,0.012,0,10,0
fzBgiyKMF04,David Blue plays GTAIV (BoGT) LIVE - Epic Funny Comedy Hour,"Jan 30, 2015",19,0.3937,0,23,0
mFWyqUuD4io,SCOPE: Sick voice poetry reading,"Dec 15, 2020",19,0.7417,0,166,1.81
ndfIT07WSHE,MAWOTAFTIWYAFF #49,"Nov 26, 2011",19,0.0282,0,5,0
pgw-N_ZWpac,Futureland - Episode 25,,19,2.7834,0,38,0
xT-cr9q1y38,bird8,"May 7, 2013",19,0.1977,0,14,0
yuDGuvSNJcw,Ozarks International Raceway... without the racing,"Aug 2, 2024",19,0.7365,0,996,0.9
7A2zAcvkhuE,good game,"Dec 21, 2011",18,0.0489,0,59,1.69
BvqYxptkKa0,Official Drywall Website Now Up! (Tour),"Dec 23, 2013",18,0.3455,0,11,0
CKyxQEMo4t4,Drycast Episode 32 [RECORDED LIVE],"Jul 11, 2015",18,1.2326,0,175,1.14
CgaYsx0gtlQ,Morality Mambo - Drywall,"Jun 10, 2013",18,0.0914,0,129,0.78
EAJ7td1Q5YY,Exclusive Beyonce Interview,"Apr 17, 2013",18,0.0977,0,18,0
JD3sTFcgx04,Drycast Episode 1 RECORDING LIVE,"Mar 10, 2014",18,0.5858,0,0,
KZswimVQ_Fc,Are Y'all Buyin Laptops,"Aug 9, 2016",18,0.1998,0,15,0
SYuuUhZF6t4,MAWOTAFTIWYAFF #47,"Nov 23, 2011",18,0.0606,0,5,0
YkipMeI_dMg,It Wasn't All That Bad,"Apr 17, 2013",18,0.0744,0,9,11.11
_XHcKEG6fhY,MAWOTAFTIWYAFF #114,"Feb 8, 2012",18,0.0385,0,5,0
_yTafse6COw,hourly vlog #483829 - comiccon,"May 8, 2013",18,0.1288,0,10,0
fadzxAZmzEY,MAWOTAFTIWYAFF #13,"Nov 9, 2011",18,0.2666,0,10,0
hCbEkRxjUJw,Drycast Episode 30 [RECORDED LIVE],"Jun 27, 2015",18,0.6403,0,203,0.49
lZmA-KMy-W4,ATTENTION LAW ENFORCEMENT,"Mar 14, 2013",18,0.1575,0,8,0
uFqXvYdo8IA,SCOPE: Pitching our ingenious youth-targeted car brand,"Dec 11, 2015",18,0.4561,0,145,2.07
15tlzIp7g-U,Upload to YouTube,"Dec 15, 2013",17,0.0614,0,96,3.13
9F-BaMhiYiM,Fecal Buoyancy,"Sep 17, 2016",17,2.1506,0,0,
KMTjNCjyKws,MAWOTAFTIWYAFF #33,"Nov 16, 2011",17,0.1657,0,6,0
RXlpwYtiz50,MAWOTAFTIWYAFF #112,"Feb 8, 2012",17,0.0593,0,5,0
T1WHa2i424w,taken 9,"Oct 6, 2012",17,0.2044,0,8,0
_kVzUzz3gxs,orange,"Jan 3, 2012",17,0.0062,0,6,0
ftQ8N5jUqJI,MAWOTAFTIWYAFF #95,"Dec 24, 2011",17,0.054,0,4,0
m_0Q63cTUhE,How to be a man 3,"Mar 6, 2013",17,0.1207,0,11,0
mjrHgcFdBJ4,SCOPE: VO Taking requests and sharing advice,"Jan 25, 2016",17,0.2098,0,122,0.82
sbb6JYVeZ9U,MAWOTAFTIWYAFF #92,"Dec 24, 2011",17,0.037,0,4,0
3dtl_eXC1xk,great vlog 58729,"Jan 14, 2016",16,0.1103,0,59,1.69
8tnilgHukJc,MAWOTAFTIWYAFF #89,"Dec 21, 2011",16,0.1822,0,4,0
B8bBwTzr2Ss,MAWOTAFTIWYAFF #81,"Dec 20, 2011",16,0.0936,0,4,0
DnvvUa3NZjE,Uncut Episode 2,"Sep 26, 2016",16,0.9859,0,0,
DtzilR87JAI,MAWOTAFTIWYAFF #115,"Feb 10, 2012",16,0.0176,0,5,0
JHMbD7RVOLM,The New - Episode 3 - Longform Lionel,"Aug 2, 2016",16,0.5981,0,21,0
MqgJFt7A010,Drycast Episode 13 [RECORDED LIVE],"Mar 4, 2015",16,5.0075,0,159,0
R8itueAOkeE,laugh,"Apr 8, 2013",16,0.0232,0,19,0
UqIHtNspsLM,MAWOTAFTIWYAFF #50,"Nov 29, 2011",16,0.3255,0,5,0
X8pRGuV3Pqk,Built Ford Tough,"Apr 17, 2013",16,0.0208,0,6,0